acctnbr,memberagreenbr,rtxnnbr,tranamt,rtxntypcd,postdate
159876,847,25, 254.36 ,PMT,1/2/2023
178957,728,47, 597.25 ,PMT,1/3/2023
60007,287,12, 715.30 ,PMT,1/3/2023
183249,745,62, 274.32 ,XPMT,1/4/2023
102890,564,21, 135.71 ,XPMT,1/5/2023
89444,629,37, 22.30 ,PMT,1/5/2023
105382,993,94, 247.09 ,DEP,1/5/2023
136125,680,27, 968.67 ,PMT,1/6/2023
76510,165,13, 465.53 ,XDEP,1/7/2023
96752,188,3, 304.87 ,XPMT,1/10/2023
43458,551,22, 633.44 ,PMT,1/11/2023
185105,654,83, 518.79 ,DEP,1/13/2023
154903,310,9, 279.68 ,XDEP,1/14/2023
107076,912,38, 582.52 ,DEP,1/15/2023
46589,464,35, 968.05 ,XPMT,1/16/2023
71234,100,13, 635.78 ,PMT,1/17/2023
145501,493,2, 780.15 ,XPMT,1/17/2023
90402,984,83, 13.36 ,XDEP,1/18/2023
182020,606,44, 319.50 ,PMT,1/18/2023
124952,807,101, 894.55 ,XPMT,1/19/2023
11532,341,61, 333.16 ,XPMT,1/20/2023
97237,847,93, 575.26 ,PMT,1/22/2023
198079,702,8, 223.41 ,XPMT,1/23/2023
104627,484,91, 883.33 ,XDEP,1/23/2023
179300,646,10, 265.05 ,PMT,1/23/2023
193684,762,53, 286.82 ,PMT,1/23/2023
145023,928,81, 229.36 ,XDEP,1/23/2023
28766,485,71, 415.68 ,PMT,1/24/2023
48183,458,79, 135.39 ,DEP,1/26/2023
19326,587,35, 94.65 ,PMT,1/26/2023
196484,772,44, 497.48 ,XDEP,1/26/2023
129586,256,58, 212.70 ,XPMT,1/27/2023
20642,627,40, 894.57 ,XDEP,1/28/2023
172283,978,69, 631.65 ,PMT,1/28/2023
64886,743,84, 76.82 ,DEP,1/29/2023
62657,817,97, 522.41 ,DEP,1/29/2023
114319,509,11, 165.06 ,XPMT,1/29/2023
164033,589,19, 548.94 ,PMT,1/30/2023
31390,612,35, 716.49 ,DEP,1/31/2023
125476,207,56, 583.93 ,PMT,2/1/2023
179202,818,101, 424.40 ,PMT,2/2/2023
105373,641,62, 413.56 ,DEP,2/2/2023
64886,743,35, 139.30 ,XDEP,2/3/2023
45691,404,11, 628.98 ,XDEP,2/3/2023
188619,228,79, 173.91 ,DEP,2/5/2023
82703,149,27, 551.71 ,XDEP,2/5/2023
23719,825,5, 719.52 ,DEP,2/8/2023
47390,843,8, 258.91 ,PMT,2/9/2023
147126,657,58, 361.76 ,XDEP,2/9/2023
53423,852,55, 642.38 ,XPMT,2/10/2023
10288,271,80, 268.86 ,XDEP,2/11/2023
138011,201,41, 608.19 ,XDEP,2/11/2023
151365,120,89, 1.00 ,,
68388,447,35, 176.96 ,XDEP,2/12/2023
15027,522,76, 677.44 ,XDEP,2/13/2023
93282,919,5, 622.01 ,XPMT,2/14/2023
193391,662,42, 462.46 ,XPMT,2/15/2023
146616,278,23, 209.85 ,DEP,2/16/2023
31842,798,12, 328.65 ,PMT,2/16/2023
24636,480,86, 114.55 ,PMT,2/18/2023
179818,808,76, 655.07 ,PMT,2/19/2023
167095,663,81, 1.00 ,,
178731,138,36, 46.78 ,PMT,2/21/2023
36197,235,87, 16.36 ,DEP,2/22/2023
88690,541,69, 44.78 ,XDEP,2/23/2023
47945,700,63, 595.33 ,XDEP,2/23/2023
179566,827,87, 123.18 ,PMT,2/23/2023
110246,250,62, 28.85 ,XPMT,2/23/2023
48636,917,35, 564.35 ,XDEP,2/23/2023
76263,167,89, 739.93 ,PMT,2/24/2023
42975,998,52, 253.77 ,PMT,2/25/2023
142823,545,58, 170.25 ,XPMT,2/26/2023
26483,534,18, 1.00 ,,
34309,128,100, 519.60 ,DEP,2/28/2023
84165,786,86, 82.63 ,XDEP,3/1/2023
181647,766,77, 1.00 ,,
70383,201,56, 260.70 ,PMT,3/3/2023
128127,649,83, 241.96 ,DEP,3/3/2023
14445,603,70, 372.72 ,PMT,3/3/2023
75787,306,89, 161.83 ,DEP,3/9/2023
136949,259,53, 299.62 ,DEP,3/9/2023
194239,212,10, 402.00 ,XPMT,3/10/2023
45840,955,63, 885.55 ,XDEP,3/10/2023
130957,749,75, 250.33 ,XDEP,3/12/2023
85194,808,48, 1.00 ,,
172139,959,92, 616.34 ,PMT,3/13/2023
134324,430,67, 621.25 ,XDEP,3/13/2023
34306,563,84, 261.45 ,DEP,3/14/2023
84999,451,25, 1.00 ,,
119196,237,65, 157.61 ,XPMT,3/15/2023
156251,933,72, 119.90 ,XPMT,3/17/2023
130761,819,75, 159.52 ,XPMT,3/17/2023
192656,927,60, 349.27 ,PMT,3/18/2023
17080,736,64, 349.19 ,XDEP,3/19/2023
125052,379,33, 181.81 ,XDEP,3/19/2023
115344,338,62, 298.90 ,XDEP,3/19/2023
140865,926,57, 510.67 ,XPMT,3/19/2023
40742,750,74, 0.43 ,XPMT,3/20/2023
78985,492,39, 335.69 ,XDEP,3/21/2023
25661,633,64, 1.00 ,,
55523,988,3, 1.00 ,,
128872,493,16, 82.44 ,PMT,3/22/2023
66249,636,73, 791.35 ,XDEP,3/23/2023
172446,789,79, 995.90 ,XDEP,3/23/2023
129320,954,27, 276.45 ,PMT,3/26/2023
166979,775,63, 966.65 ,PMT,3/27/2023
12978,643,40, 456.17 ,XPMT,3/31/2023
180441,612,66, 1.00 ,,
100192,720,56, 16.41 ,XDEP,3/31/2023
135296,592,56, 123.37 ,XPMT,4/1/2023
198092,767,31, 1.00 ,,
75783,511,3, 1.00 ,,
66744,969,29, 70.13 ,XPMT,4/5/2023
130901,272,70, 867.57 ,PMT,4/5/2023
42780,923,101, 211.18 ,XDEP,4/6/2023
143273,400,29, 582.59 ,DEP,4/6/2023
60839,352,19, 954.42 ,XDEP,4/7/2023
106607,790,4, 120.47 ,DEP,4/8/2023
64886,743,90, 90.85 ,XDEP,4/9/2023
31578,251,61, 580.00 ,DEP,4/9/2023
110909,905,40, 225.10 ,XPMT,4/11/2023
199188,934,47, 61.61 ,DEP,4/11/2023
104377,110,42, 14.48 ,PMT,4/11/2023
107265,944,64, 204.50 ,XDEP,4/12/2023
61939,125,57, 741.18 ,DEP,4/12/2023
154847,132,73, 1.00 ,,
64886,743,76, 10.72 ,XDEP,4/14/2023
84458,170,14, 830.35 ,PMT,4/15/2023
17656,329,65, 42.56 ,PMT,4/17/2023
143067,528,81, 361.04 ,DEP,4/18/2023
173241,997,96, 469.70 ,XPMT,4/18/2023
199547,540,36, 1.00 ,,
193276,754,52, 851.85 ,XDEP,4/19/2023
145838,112,9, 39.69 ,XDEP,4/19/2023
175909,977,48, 129.12 ,XPMT,4/20/2023
80665,860,20, 219.92 ,XDEP,4/20/2023
36293,983,70, 282.62 ,DEP,4/20/2023
38449,357,94, 967.13 ,XDEP,4/21/2023
50781,578,82, 36.13 ,XPMT,4/24/2023
32881,169,13, 374.25 ,XPMT,4/26/2023
30069,594,33, 248.84 ,DEP,4/26/2023
194937,660,37, 1.00 ,,
174276,502,15, 274.75 ,PMT,4/28/2023
195399,113,37, 432.67 ,DEP,4/28/2023
183249,745,88, 1.00 ,,
19305,557,6, 463.24 ,DEP,4/29/2023
191680,382,12, 30.18 ,XPMT,4/30/2023
84700,791,93, 313.33 ,XDEP,4/30/2023
15904,332,71, 352.90 ,PMT,4/30/2023
84486,969,83, 57.56 ,XPMT,5/1/2023
111237,783,28, 149.39 ,PMT,5/3/2023
25067,863,69, 175.14 ,XDEP,5/4/2023
45081,393,87, 78.46 ,PMT,5/4/2023
60057,168,67, 256.25 ,XPMT,5/5/2023
42380,812,74, 1.00 ,,
60091,361,45, 636.95 ,PMT,5/6/2023
177628,274,26, 188.98 ,PMT,5/7/2023
73111,447,54, 909.09 ,DEP,5/8/2023
197366,870,42, 491.48 ,XPMT,5/8/2023
134965,268,40, 380.75 ,XDEP,5/12/2023
31592,888,26, 984.78 ,XDEP,5/12/2023
162266,662,31, 289.24 ,XDEP,5/12/2023
151992,532,93, 1.00 ,,
87371,908,18, 138.25 ,XPMT,5/13/2023
128349,144,22, 19.53 ,XPMT,5/13/2023
181068,415,55, 292.40 ,XDEP,5/16/2023
24508,915,51, 112.95 ,XDEP,5/17/2023
114499,978,81, 78.90 ,XDEP,5/18/2023
44317,874,49, 795.13 ,XDEP,5/19/2023
63107,269,21, 82.43 ,XDEP,5/23/2023
158088,607,94, 486.68 ,PMT,5/23/2023
70375,850,36, 384.09 ,PMT,5/24/2023
167059,631,39, 158.92 ,XDEP,5/24/2023
87483,360,12, 581.60 ,DEP,5/24/2023
17539,478,9, 768.78 ,DEP,5/25/2023
94450,849,79, 216.70 ,PMT,5/26/2023
98252,172,28, 43.72 ,XDEP,5/27/2023
144160,1000,17, 83.97 ,XDEP,5/28/2023
135683,657,85, 160.81 ,XDEP,5/29/2023
191353,820,14, 816.24 ,XDEP,5/29/2023
78172,284,24, 44.87 ,XDEP,5/31/2023
181647,766,103, 175.87 ,DEP,6/1/2023
36782,568,3, 664.90 ,XDEP,6/2/2023
168304,834,39, 73.00 ,DEP,6/2/2023
179454,464,24, 247.35 ,XPMT,6/2/2023
55342,424,58, 787.68 ,PMT,6/4/2023
132558,507,66, 119.06 ,PMT,6/5/2023
113500,561,101, 107.03 ,DEP,6/5/2023
107227,855,40, 411.89 ,PMT,6/6/2023
125161,186,67, 1.00 ,,
186530,801,12, 287.45 ,XDEP,6/7/2023
167722,775,59, 1.00 ,,
21160,717,62, 685.64 ,PMT,6/8/2023
175273,802,75, 1.00 ,,
11469,336,74, 291.08 ,PMT,6/8/2023
81302,822,24, 947.44 ,XPMT,6/8/2023
140528,651,43, 250.65 ,XPMT,6/9/2023
95790,615,54, 510.52 ,XDEP,6/10/2023
170878,400,36, 266.45 ,XPMT,6/12/2023
182141,675,100, 819.34 ,DEP,6/12/2023
149312,139,29, 1.00 ,,
38080,859,71, 917.23 ,DEP,6/13/2023
174487,875,99, 238.82 ,XDEP,6/17/2023
40376,505,32, 86.38 ,PMT,6/19/2023
61102,772,65, 75.28 ,DEP,6/20/2023
60152,274,88, 1.00 ,,
181577,555,65, 1.00 ,,
72965,371,28, 369.95 ,DEP,6/23/2023
52568,324,87, 195.05 ,XPMT,6/23/2023
123097,126,12, 73.50 ,PMT,6/23/2023
111355,744,63, 531.05 ,DEP,6/23/2023
121592,332,15, 136.87 ,XDEP,6/23/2023
165075,590,59, 1.00 ,,
165323,651,81, 400.90 ,XDEP,6/24/2023
24474,798,12, 684.43 ,PMT,6/27/2023
76436,729,26, 1.00 ,,
149750,274,66, 1.00 ,,
187980,293,14, 1.00 ,,
66660,117,97, 91.07 ,XPMT,7/1/2023
80992,220,78, 159.09 ,PMT,7/2/2023
71680,101,92, 214.37 ,XDEP,7/3/2023
19460,439,11, 257.53 ,PMT,7/4/2023
11815,671,36, 1.00 ,,
151860,793,20, 179.21 ,XPMT,7/4/2023
47410,203,95, 333.05 ,DEP,7/5/2023
161366,549,71, 785.97 ,XPMT,7/7/2023
82626,780,34, 760.46 ,DEP,7/8/2023
199845,1000,67, 271.72 ,XDEP,7/10/2023
84806,209,18, 124.35 ,XPMT,7/12/2023
46215,235,55, 76.29 ,XPMT,7/12/2023
184796,222,56, 214.42 ,DEP,7/13/2023
157509,715,16, 94.76 ,PMT,7/15/2023
112072,297,20, 11.46 ,DEP,7/16/2023
125177,367,86, 1.00 ,,
109010,364,39, 1.00 ,,
183760,555,90, 88.09 ,DEP,7/20/2023
35026,589,65, 341.54 ,DEP,7/21/2023
85347,581,55, 291.86 ,XPMT,7/22/2023
124276,228,44, 269.10 ,PMT,7/23/2023
150240,283,62, 355.22 ,XPMT,7/24/2023
38934,667,91, 197.57 ,XDEP,7/24/2023
146580,912,13, 437.31 ,PMT,7/25/2023
164253,869,71, 685.23 ,PMT,7/26/2023
160437,186,71, 41.44 ,PMT,7/26/2023
33761,473,62, 721.85 ,XDEP,7/28/2023
16512,478,56, 575.24 ,XPMT,7/30/2023
176287,752,18, 523.33 ,PMT,8/1/2023
52158,295,101, 1.00 ,,
194519,182,74, 651.03 ,XDEP,8/2/2023
178994,361,79, 411.81 ,PMT,8/2/2023
27248,211,90, 322.28 ,XPMT,8/3/2023
113241,728,87, 228.62 ,XDEP,8/4/2023
78678,310,90, 224.77 ,XPMT,8/6/2023
21977,882,37, 249.36 ,DEP,8/7/2023
130861,227,55, 1.00 ,,
66767,773,74, 364.46 ,XDEP,8/12/2023
162598,796,44, 339.74 ,XPMT,8/13/2023
60199,696,43, 381.88 ,XDEP,8/19/2023
109828,783,83, 1.00 ,,
91789,465,88, 214.89 ,PMT,8/20/2023
67112,198,19, 812.07 ,XDEP,8/21/2023
14816,655,50, 128.43 ,XDEP,8/22/2023
64886,743,24, 306.30 ,XPMT,8/23/2023
71524,702,100, 21.55 ,PMT,8/23/2023
164256,450,91, 419.99 ,PMT,8/23/2023
183620,981,73, 212.31 ,DEP,8/23/2023
129585,137,22, 231.14 ,XPMT,8/25/2023
152461,702,56, 675.57 ,XDEP,8/25/2023
175205,939,84, 299.03 ,DEP,8/25/2023
32960,465,50, 1.00 ,,
10635,857,24, 1.00 ,,
159575,596,56, 64.41 ,XDEP,8/29/2023
82749,352,62, 23.35 ,PMT,8/30/2023
174505,279,41, 37.44 ,XPMT,8/31/2023
104491,382,36, 613.50 ,XDEP,8/31/2023
20777,155,96, 456.20 ,PMT,8/31/2023
87123,465,12, 445.29 ,DEP,9/1/2023
153898,377,66, 474.79 ,XDEP,9/2/2023
179326,412,43, 686.41 ,DEP,9/3/2023
178663,866,78, 220.52 ,PMT,9/3/2023
33191,274,24, 966.20 ,XDEP,9/3/2023
54568,972,33, 1.00 ,,
158273,972,9, 680.35 ,DEP,9/6/2023
145709,191,7, 411.51 ,DEP,9/6/2023
28565,496,58, 1.00 ,,
184573,785,95, 611.84 ,XPMT,9/9/2023
24853,480,15, 1.00 ,,
172876,471,10, 210.86 ,XPMT,9/9/2023
83517,598,55, 663.64 ,XPMT,9/10/2023
52168,846,63, 338.83 ,XDEP,9/13/2023
37973,329,25, 1.00 ,,
45522,716,24, 1.00 ,,
145935,476,74, 535.33 ,DEP,9/15/2023
101000,686,95, 30.84 ,PMT,9/16/2023
76905,200,70, 269.78 ,PMT,9/16/2023
190394,857,58, 1.00 ,,
129376,315,67, 326.66 ,XPMT,9/18/2023
116465,393,60, 1.00 ,,
144206,770,55, 693.67 ,XPMT,9/20/2023
176552,119,70, 111.44 ,XPMT,9/20/2023
117949,132,75, 464.94 ,DEP,9/21/2023
97697,104,50, 436.19 ,PMT,9/22/2023
17084,852,69, 279.41 ,XDEP,9/26/2023
151220,322,74, 1.00 ,,
80346,129,13, 188.00 ,PMT,9/29/2023
120968,303,54, 720.13 ,XPMT,9/29/2023
181647,766,51, 828.67 ,DEP,9/30/2023
148569,415,50, 485.19 ,XDEP,9/30/2023
184745,646,48, 331.32 ,DEP,10/1/2023
125793,430,81, 1.00 ,,
49774,214,51, 691.32 ,DEP,10/2/2023
28575,955,88, 29.25 ,PMT,10/3/2023
123127,764,31, 50.39 ,XPMT,10/3/2023
190026,361,13, 784.50 ,XDEP,10/6/2023
32265,997,98, 17.91 ,PMT,10/7/2023
26846,647,57, 1.00 ,,
194024,933,76, 1.00 ,,
101898,870,42, 127.43 ,DEP,10/8/2023
85701,627,34, 1.00 ,,
94085,333,100, 1.00 ,,
168574,470,73, 405.80 ,PMT,10/11/2023
148183,463,75, 204.70 ,XDEP,10/12/2023
76798,754,25, 1.00 ,,
16490,918,46, 99.31 ,DEP,10/12/2023
10753,699,15, 1.00 ,,
72653,475,82, 70.21 ,XDEP,10/13/2023
46888,362,43, 232.43 ,PMT,10/14/2023
54048,709,25, 387.21 ,XDEP,10/15/2023
121950,569,50, 242.71 ,DEP,10/15/2023
119577,261,52, 88.73 ,XPMT,10/15/2023
34624,383,69, 1.00 ,,
99172,756,79, 221.91 ,XDEP,10/19/2023
140637,407,73, 557.17 ,DEP,10/19/2023
143862,196,34, 151.74 ,XDEP,10/19/2023
46765,869,88, 458.00 ,PMT,10/22/2023
181884,681,68, 333.06 ,XPMT,10/22/2023
150217,893,8, 1.00 ,,
53907,535,16, 1.00 ,,
193398,975,37, 103.23 ,DEP,10/25/2023
11731,957,59, 690.54 ,DEP,10/26/2023
26134,764,48, 389.82 ,XPMT,10/27/2023
59118,979,66, 160.16 ,DEP,10/28/2023
164296,922,66, 1.00 ,,
43543,786,80, 76.66 ,PMT,10/29/2023
64886,743,79, 1.00 ,,
73788,347,31, 608.95 ,XDEP,10/30/2023
198278,205,26, 475.78 ,DEP,10/31/2023
72457,534,57, 117.57 ,XPMT,11/1/2023
126297,230,8, 1.00 ,,
86869,494,74, 805.75 ,XPMT,11/2/2023
110579,578,52, 167.46 ,PMT,11/2/2023
83638,551,3, 656.91 ,DEP,11/3/2023
41701,670,88, 273.31 ,PMT,11/4/2023
48494,323,29, 877.00 ,DEP,11/5/2023
52135,416,14, 269.41 ,DEP,11/6/2023
36799,123,96, 110.58 ,XPMT,11/6/2023
39763,580,76, 836.75 ,PMT,11/7/2023
88852,214,85, 839.59 ,DEP,11/7/2023
131220,590,13, 990.68 ,DEP,11/10/2023
30100,145,93, 704.78 ,XPMT,11/11/2023
36027,798,19, 738.68 ,XDEP,11/11/2023
133547,620,55, 1.00 ,,
32328,167,7, 151.61 ,DEP,11/12/2023
116702,688,31, 718.16 ,PMT,11/12/2023
10164,208,83, 575.79 ,XPMT,11/12/2023
70310,943,77, 251.25 ,PMT,11/13/2023
18708,201,7, 1.00 ,,
122031,401,22, 670.13 ,DEP,11/13/2023
167557,919,96, 29.94 ,PMT,11/14/2023
162941,302,94, 556.65 ,DEP,11/14/2023
183485,949,79, 133.19 ,XPMT,11/17/2023
31524,634,45, 49.23 ,PMT,11/19/2023
134679,708,23, 1.00 ,,
196919,209,60, 432.61 ,PMT,11/19/2023
151670,192,101, 180.37 ,PMT,11/20/2023
91362,290,35, 496.44 ,XPMT,11/20/2023
34330,106,84, 187.21 ,XDEP,11/22/2023
56771,904,47, 707.56 ,PMT,11/23/2023
182250,982,94, 566.26 ,PMT,11/23/2023
163472,243,82, 542.58 ,XDEP,11/23/2023
155193,989,23, 400.75 ,XPMT,11/24/2023
109949,331,71, 692.80 ,PMT,11/25/2023
160483,297,100, 1.00 ,,
93529,242,80, 93.18 ,XDEP,11/26/2023
141441,986,47, 565.34 ,XPMT,11/28/2023
153762,805,64, 920.60 ,XPMT,11/29/2023
58018,822,67, 123.61 ,PMT,11/29/2023
133433,747,84, 710.58 ,XDEP,11/30/2023
25497,944,35, 1.00 ,,
108733,553,88, 52.07 ,XDEP,12/1/2023
82423,339,96, 400.09 ,PMT,12/1/2023
14113,711,63, 436.09 ,XPMT,12/2/2023
61282,479,84, 1.00 ,,
73917,328,20, 311.09 ,PMT,12/3/2023
143797,315,36, 989.10 ,PMT,12/4/2023
199843,857,31, 28.08 ,XPMT,12/5/2023
48617,798,17, 199.96 ,DEP,12/5/2023
42055,216,47, 93.54 ,DEP,12/6/2023
63600,907,27, 346.37 ,XDEP,12/7/2023
114829,243,84, 1.00 ,,
149825,778,62, 846.93 ,DEP,12/9/2023
81782,293,27, 18.61 ,PMT,12/9/2023
99984,625,6, 358.74 ,PMT,12/9/2023
112538,742,90, 685.58 ,XDEP,12/10/2023
50916,363,16, 1.00 ,,
137995,657,6, 116.55 ,XPMT,12/13/2023
89690,644,48, 378.31 ,XPMT,12/13/2023
36465,963,24, 154.63 ,DEP,12/14/2023
146419,258,82, 614.06 ,DEP,12/17/2023
112866,809,21, 644.26 ,XDEP,12/19/2023
148496,772,39, 930.94 ,PMT,12/19/2023
111123,353,11, 696.98 ,XPMT,12/20/2023
157600,896,35, 653.29 ,DEP,12/21/2023
108744,440,56, 1.00 ,,
122949,700,32, 37.02 ,XDEP,12/22/2023
94470,495,11, 267.29 ,DEP,12/23/2023
151088,857,9, 484.70 ,DEP,12/24/2023
47203,729,41, 347.59 ,PMT,12/24/2023
27645,441,11, 102.77 ,XPMT,12/25/2023
176031,917,54, 638.83 ,XDEP,12/26/2023
184653,114,27, 1.00 ,,
56417,739,38, 947.05 ,XPMT,12/26/2023
64174,977,100, 550.46 ,DEP,12/27/2023
26553,194,47, 1.00 ,,
192893,915,34, 116.59 ,DEP,12/27/2023
56043,191,78, 146.19 ,XDEP,12/27/2023
150758,267,31, 658.76 ,DEP,12/28/2023
96175,202,95, 163.69 ,PMT,12/28/2023
34619,714,54, 148.86 ,DEP,12/31/2023
166993,944,88, 52.50 ,DEP,1/2/2024
182931,207,8, 985.47 ,DEP,1/3/2024
46943,136,49, 284.87 ,DEP,1/3/2024
166576,345,51, 1.00 ,,
72354,585,43, 1.00 ,,
126706,709,14, 563.38 ,DEP,1/4/2024
117757,261,26, 147.55 ,XPMT,1/4/2024
65656,687,92, 50.71 ,XDEP,1/4/2024
59610,548,28, 156.09 ,XPMT,1/5/2024
171870,532,77, 260.21 ,XPMT,1/6/2024
195145,726,86, 89.43 ,XPMT,1/6/2024
161223,335,26, 502.74 ,DEP,1/7/2024
18055,712,47, 119.93 ,PMT,1/7/2024
48244,594,96, 378.81 ,XDEP,1/8/2024
133282,591,101, 49.06 ,DEP,1/9/2024
109545,202,54, 34.76 ,XDEP,1/10/2024
51844,662,92, 1.00 ,,
73198,182,82, 689.01 ,PMT,1/12/2024
171901,829,58, 718.68 ,PMT,1/13/2024
76472,448,35, 701.08 ,XDEP,1/16/2024
168841,857,93, 1.00 ,,
22580,149,86, 38.32 ,XPMT,1/18/2024
186290,227,27, 572.72 ,XDEP,1/19/2024
92755,799,10, 1.00 ,,
64886,743,72, 399.81 ,XPMT,1/20/2024
49151,607,30, 129.76 ,XDEP,1/20/2024
167236,553,56, 47.51 ,PMT,1/20/2024
109261,363,39, 373.92 ,PMT,1/23/2024
106530,461,6, 1.00 ,,
157035,599,64, 640.34 ,XPMT,1/24/2024
189005,731,25, 45.91 ,XPMT,1/26/2024
92630,746,18, 626.11 ,XPMT,1/26/2024
80322,794,77, 584.40 ,XDEP,1/27/2024
183731,638,82, 755.75 ,DEP,1/27/2024
199175,625,69, 82.79 ,DEP,1/27/2024
83746,952,64, 95.28 ,XPMT,1/28/2024
71724,548,73, 655.85 ,PMT,1/29/2024
91779,699,41, 704.00 ,PMT,1/30/2024
143445,548,70, 367.15 ,PMT,1/31/2024
86883,347,3, 266.89 ,PMT,2/1/2024
152723,369,55, 57.26 ,XDEP,2/1/2024
128328,233,17, 204.27 ,DEP,2/1/2024
129627,275,30, 94.33 ,XPMT,2/2/2024
100325,291,91, 1.00 ,,
41888,847,55, 386.42 ,XPMT,2/2/2024
13051,674,54, 1.00 ,,
23664,760,92, 1.00 ,,
70209,171,55, 802.63 ,XPMT,2/5/2024
138665,738,15, 937.49 ,XPMT,2/5/2024
186271,297,19, 479.14 ,PMT,2/6/2024
74801,164,99, 106.54 ,PMT,2/6/2024
82068,614,66, 315.41 ,DEP,2/7/2024
18946,497,46, 763.48 ,XDEP,2/8/2024
67247,784,2, 57.24 ,PMT,2/9/2024
23486,962,81, 690.81 ,PMT,2/10/2024
75805,657,74, 192.42 ,XDEP,2/14/2024
160180,127,75, 621.11 ,XDEP,2/15/2024
61988,363,81, 213.23 ,XDEP,2/17/2024
44928,933,90, 40.53 ,PMT,2/19/2024
26939,529,36, 738.45 ,DEP,2/20/2024
142429,272,20, 609.47 ,XPMT,2/20/2024
137111,453,45, 2.10 ,PMT,2/21/2024
137107,194,20, 1.00 ,,
115855,801,3, 583.07 ,XPMT,2/21/2024
198224,387,95, 197.47 ,XDEP,2/25/2024
143370,528,16, 174.57 ,XPMT,2/26/2024
32921,804,17, 1.00 ,,
86892,232,10, 866.23 ,XPMT,2/28/2024
56979,119,24, 1.00 ,,
18479,831,67, 287.04 ,PMT,2/29/2024
163438,749,34, 57.52 ,XDEP,2/29/2024
130776,220,80, 843.41 ,DEP,3/1/2024
28099,283,52, 649.98 ,XPMT,3/3/2024
198472,488,98, 160.43 ,XPMT,3/5/2024
49036,737,93, 42.98 ,XDEP,3/7/2024
187140,428,58, 119.64 ,DEP,3/9/2024
85848,638,49, 35.05 ,DEP,3/9/2024
129744,110,73, 451.87 ,DEP,3/10/2024
26382,584,101, 619.32 ,XPMT,3/10/2024
28445,679,12, 342.67 ,DEP,3/11/2024
102757,750,5, 53.70 ,XDEP,3/11/2024
143341,858,100, 217.32 ,XPMT,3/11/2024
113445,244,13, 35.24 ,XDEP,3/12/2024
39797,211,20, 323.95 ,DEP,3/12/2024
137489,568,81, 756.21 ,XPMT,3/13/2024
181647,766,48, 284.02 ,XPMT,3/14/2024
51388,796,67, 380.65 ,XDEP,3/14/2024
108641,135,4, 766.26 ,XDEP,3/16/2024
134896,871,12, 239.36 ,PMT,3/16/2024
140736,772,78, 848.39 ,XDEP,3/18/2024
128226,982,91, 255.87 ,XDEP,3/18/2024
16853,698,53, 338.94 ,DEP,3/18/2024
23433,461,80, 937.21 ,XDEP,3/18/2024
160483,297,26, 1.00 ,,
29583,456,40, 929.99 ,XPMT,3/19/2024
65246,615,84, 485.38 ,DEP,3/19/2024
152787,213,80, 31.83 ,DEP,3/20/2024
150163,697,24, 173.41 ,PMT,3/21/2024
71055,980,17, 590.17 ,XPMT,3/21/2024
177808,559,34, 56.13 ,XPMT,3/22/2024
195414,150,19, 467.15 ,XDEP,3/22/2024
35019,661,28, 248.67 ,XDEP,3/24/2024
154707,964,5, 124.88 ,PMT,3/24/2024
136541,999,61, 16.94 ,XDEP,3/25/2024
39824,273,44, 283.03 ,XPMT,3/27/2024
16201,843,31, 232.52 ,DEP,3/27/2024
184366,640,60, 916.62 ,XDEP,3/29/2024
180297,945,95, 129.10 ,DEP,3/30/2024
17080,736,68, 405.58 ,DEP,3/30/2024
147648,963,23, 539.46 ,PMT,4/1/2024
188864,383,11, 212.52 ,XPMT,4/1/2024
47235,730,41, 579.11 ,XPMT,4/1/2024
149868,743,99, 621.89 ,PMT,4/2/2024
175893,126,74, 97.57 ,DEP,4/3/2024
73156,776,9, 562.02 ,DEP,4/3/2024
140514,294,12, 1.00 ,,
155591,121,5, 497.62 ,XPMT,4/4/2024
80506,861,54, 639.05 ,DEP,4/4/2024
132506,133,98, 401.12 ,XPMT,4/5/2024
149557,276,3, 66.43 ,XDEP,4/6/2024
196781,162,21, 1.00 ,,
51496,377,78, 76.94 ,XPMT,4/6/2024
15818,331,99, 443.17 ,XPMT,4/7/2024
72395,378,36, 167.49 ,XPMT,4/9/2024
130284,844,89, 576.36 ,DEP,4/9/2024
52484,340,35, 251.75 ,DEP,4/10/2024
193675,200,88, 184.98 ,XPMT,4/10/2024
93183,594,7, 37.29 ,DEP,4/12/2024
144507,849,11, 279.35 ,DEP,4/12/2024
34338,478,67, 45.14 ,PMT,4/13/2024
154250,686,74, 522.14 ,XDEP,4/13/2024
156905,488,11, 752.47 ,PMT,4/14/2024
50801,934,8, 410.77 ,XDEP,4/14/2024
40380,109,29, 1.00 ,,
188896,263,91, 934.77 ,DEP,4/15/2024
79833,462,84, 249.66 ,XDEP,4/16/2024
49418,815,73, 921.04 ,PMT,4/16/2024
73472,859,88, 565.06 ,DEP,4/17/2024
104080,868,70, 172.90 ,PMT,4/18/2024
136960,544,64, 806.70 ,PMT,4/19/2024
162920,347,25, 1.00 ,,
106588,693,4, 453.57 ,PMT,4/22/2024
118397,438,97, 150.01 ,XDEP,4/22/2024
136129,749,97, 303.41 ,PMT,4/22/2024
194529,749,83, 1.00 ,,
86774,575,101, 363.61 ,XPMT,4/24/2024
132570,845,22, 1.00 ,,
143431,412,25, 210.80 ,DEP,4/24/2024
103961,887,90, 247.13 ,XDEP,4/24/2024
105676,456,100, 116.78 ,DEP,4/26/2024
82591,591,56, 1.00 ,,
176969,647,26, 912.09 ,PMT,4/27/2024
98352,311,52, 1.00 ,,
75914,590,25, 144.77 ,DEP,4/27/2024
35433,492,3, 803.97 ,DEP,4/27/2024
81680,349,87, 614.81 ,XDEP,4/30/2024
160400,367,10, 333.44 ,DEP,4/30/2024
109743,260,43, 665.90 ,DEP,5/1/2024
73875,795,36, 89.87 ,XDEP,5/2/2024
57406,774,20, 1.00 ,,
66446,676,7, 375.36 ,XPMT,5/2/2024
164589,373,39, 125.84 ,PMT,5/3/2024
82708,388,23, 137.32 ,XDEP,5/4/2024
84006,343,83, 127.44 ,XPMT,5/4/2024
153242,145,12, 1.00 ,,
94735,982,50, 52.24 ,XDEP,5/6/2024
144640,698,51, 226.18 ,XDEP,5/6/2024
167000,488,25, 42.16 ,PMT,5/7/2024
197757,370,101, 1.00 ,,
191442,200,33, 1.00 ,,
47956,580,53, 29.13 ,XPMT,5/11/2024
98252,172,31, 475.04 ,PMT,5/11/2024
188927,235,77, 632.85 ,XDEP,5/12/2024
43983,207,74, 254.90 ,DEP,5/12/2024
183370,446,24, 343.63 ,XPMT,5/12/2024
96875,353,6, 409.92 ,DEP,5/13/2024
195584,412,37, 336.63 ,XPMT,5/13/2024
76627,159,92, 444.79 ,XPMT,5/13/2024
66636,580,28, 446.54 ,DEP,5/14/2024
128265,658,40, 1.00 ,,
183249,745,61, 875.04 ,DEP,5/16/2024
108156,116,50, 703.82 ,PMT,5/16/2024
26204,992,73, 179.82 ,XDEP,5/17/2024
74876,333,40, 357.33 ,XDEP,5/17/2024
191125,190,83, 161.96 ,DEP,5/19/2024
66799,366,30, 122.42 ,XPMT,5/19/2024
113487,733,62, 1.00 ,,
58907,905,56, 89.88 ,XDEP,5/20/2024
74465,126,99, 74.41 ,DEP,5/20/2024
25605,232,89, 1.00 ,,
114442,623,4, 81.27 ,XDEP,5/21/2024
51733,370,9, 432.94 ,DEP,5/21/2024
25911,266,15, 221.15 ,DEP,5/22/2024
122093,892,89, 325.17 ,XPMT,5/22/2024
128800,718,36, 32.33 ,PMT,5/22/2024
114879,594,38, 181.14 ,PMT,5/22/2024
72287,538,90, 199.44 ,DEP,5/22/2024
24556,210,59, 68.23 ,DEP,5/24/2024
118965,160,25, 531.34 ,XDEP,5/25/2024
24916,793,26, 32.33 ,XPMT,5/25/2024
160098,107,86, 572.22 ,XPMT,5/26/2024
176592,249,80, 42.09 ,DEP,5/27/2024
77179,562,65, 247.48 ,DEP,5/27/2024
117185,108,49, 208.34 ,PMT,5/29/2024
103257,310,58, 883.46 ,DEP,5/29/2024
40491,582,96, 62.02 ,XPMT,5/29/2024
63480,260,85, 157.87 ,DEP,5/31/2024
59955,500,82, 513.48 ,DEP,6/1/2024
158301,838,33, 104.19 ,DEP,6/3/2024
164588,265,51, 98.58 ,XDEP,6/3/2024
16641,317,49, 1.00 ,,
35174,978,40, 86.26 ,DEP,6/4/2024
136413,146,73, 168.43 ,XDEP,6/5/2024
198109,500,86, 247.76 ,XDEP,6/6/2024
175932,352,42, 503.26 ,DEP,6/6/2024
38935,198,24, 109.54 ,XDEP,6/6/2024
84170,299,28, 401.87 ,XDEP,6/8/2024
16678,225,27, 507.87 ,XDEP,6/8/2024
88480,432,47, 445.58 ,XDEP,6/10/2024
129929,105,32, 309.17 ,DEP,6/11/2024
87545,956,20, 412.00 ,PMT,6/11/2024
150043,560,98, 661.16 ,DEP,6/11/2024
125447,838,98, 142.78 ,DEP,6/11/2024
32112,474,72, 39.05 ,DEP,6/11/2024
183186,889,10, 485.71 ,XPMT,6/12/2024
145183,524,30, 47.68 ,DEP,6/12/2024
69679,217,33, 451.27 ,XDEP,6/14/2024
199186,596,12, 442.43 ,PMT,6/16/2024
178963,569,75, 263.12 ,XPMT,6/17/2024
84683,935,5, 67.35 ,XPMT,6/17/2024
191991,596,6, 120.73 ,XPMT,6/19/2024
167469,428,89, 477.27 ,PMT,6/19/2024
139849,309,99, 837.59 ,PMT,6/19/2024
188548,477,59, 345.60 ,PMT,6/19/2024
142739,337,29, 111.56 ,DEP,6/21/2024
150917,722,39, 433.67 ,XPMT,6/22/2024
136693,633,88, 915.64 ,XPMT,6/22/2024
21580,639,78, 454.63 ,DEP,6/23/2024
56025,828,74, 189.93 ,DEP,6/23/2024
179051,303,76, 146.16 ,XPMT,6/24/2024
196528,934,77, 78.13 ,DEP,6/25/2024
157714,966,97, 353.91 ,PMT,6/26/2024
43780,888,20, 1.00 ,,
24397,353,92, 220.89 ,PMT,6/30/2024
32489,717,7, 682.42 ,PMT,6/30/2024
60594,861,71, 105.25 ,XDEP,7/1/2024
60581,110,42, 1.00 ,,
66789,144,65, 641.76 ,XDEP,7/2/2024
116210,409,90, 229.63 ,PMT,7/2/2024
35029,874,66, 140.09 ,XDEP,7/2/2024
15440,886,64, 760.63 ,DEP,7/2/2024
32485,818,68, 274.49 ,XDEP,7/3/2024
135900,795,98, 199.68 ,PMT,7/4/2024
42683,481,42, 375.90 ,PMT,7/4/2024
187162,503,39, 423.84 ,DEP,7/5/2024
121737,283,52, 922.03 ,PMT,7/6/2024
24947,183,35, 605.86 ,PMT,7/6/2024
43195,561,42, 14.99 ,DEP,7/7/2024
96265,607,17, 103.54 ,XDEP,7/9/2024
122895,339,93, 600.12 ,XDEP,7/9/2024
25758,119,26, 1.00 ,,
131458,156,76, 565.12 ,XPMT,7/11/2024
11279,242,96, 1.00 ,,
31814,124,47, 585.09 ,PMT,7/12/2024
124908,889,96, 65.85 ,XPMT,7/12/2024
21759,617,35, 425.42 ,XDEP,7/14/2024
110385,506,8, 725.49 ,XDEP,7/15/2024
23156,338,14, 88.53 ,XDEP,7/15/2024
50977,480,32, 682.43 ,DEP,7/16/2024
183249,745,40, 462.06 ,PMT,7/17/2024
18604,244,25, 114.37 ,PMT,7/18/2024
93828,402,45, 116.06 ,DEP,7/18/2024
172981,276,38, 201.19 ,XDEP,7/18/2024
183618,349,79, 934.68 ,PMT,7/20/2024
107984,231,21, 450.15 ,XPMT,7/21/2024
90596,523,47, 521.11 ,XPMT,7/22/2024
171868,238,85, 49.60 ,PMT,7/24/2024
195469,418,40, 708.90 ,XPMT,7/25/2024
113566,311,28, 600.75 ,XDEP,7/25/2024
95635,483,99, 48.89 ,XPMT,7/26/2024
155442,732,15, 743.26 ,XPMT,7/26/2024
85201,768,92, 77.71 ,PMT,7/26/2024
109828,783,37, 511.67 ,PMT,7/28/2024
35418,339,29, 260.86 ,DEP,7/28/2024
19954,806,7, 223.57 ,DEP,7/29/2024
168875,389,13, 303.18 ,XPMT,7/29/2024
194139,890,93, 601.67 ,PMT,7/31/2024
26794,283,19, 224.05 ,XPMT,8/2/2024
120342,914,83, 100.30 ,XPMT,8/2/2024
55443,116,45, 398.72 ,DEP,8/3/2024
66099,604,71, 1.00 ,,
114664,852,78, 191.82 ,XDEP,8/6/2024
175136,844,53, 5.64 ,XPMT,8/8/2024
78144,578,72, 780.21 ,PMT,8/9/2024
95132,909,78, 16.03 ,XDEP,8/9/2024
66166,939,77, 1.00 ,,
16741,491,55, 1.00 ,,
163670,331,88, 568.93 ,XDEP,8/12/2024
25379,919,93, 142.10 ,PMT,8/12/2024
69429,661,64, 726.35 ,PMT,8/13/2024
59048,601,71, 28.58 ,DEP,8/14/2024
66695,647,99, 443.52 ,DEP,8/14/2024
96220,673,64, 241.20 ,XPMT,8/15/2024
51909,112,68, 27.95 ,XPMT,8/15/2024
184543,176,40, 121.08 ,XDEP,8/16/2024
82652,195,78, 134.93 ,DEP,8/16/2024
78848,509,25, 350.88 ,XPMT,8/17/2024
83521,368,99, 678.10 ,PMT,8/18/2024
37891,993,28, 319.81 ,DEP,8/18/2024
141038,657,59, 1.00 ,,
81221,530,41, 1.00 ,,
151057,690,77, 11.62 ,XPMT,8/19/2024
87986,428,74, 90.90 ,PMT,8/20/2024
68604,814,31, 422.51 ,PMT,8/21/2024
142879,981,57, 12.00 ,DEP,8/22/2024
190900,201,70, 1.00 ,,
89614,351,5, 277.94 ,XDEP,8/25/2024
127507,447,16, 635.88 ,PMT,8/26/2024
43966,894,86, 69.36 ,XDEP,8/26/2024
68958,950,78, 762.66 ,XDEP,8/27/2024
78493,140,15, 163.61 ,PMT,8/27/2024
36255,661,40, 70.08 ,PMT,8/27/2024
66850,447,78, 75.91 ,DEP,8/28/2024
168285,659,28, 925.12 ,DEP,8/29/2024
133397,499,86, 590.49 ,XDEP,8/29/2024
199994,326,6, 1.00 ,,
80211,633,28, 221.19 ,XPMT,8/29/2024
77435,215,29, 730.84 ,PMT,8/31/2024
128218,783,73, 1.00 ,,
74665,854,84, 1.00 ,,
14749,115,3, 350.61 ,XDEP,9/4/2024
134398,923,88, 35.02 ,PMT,9/6/2024
174930,307,25, 205.69 ,DEP,9/7/2024
55240,316,31, 766.58 ,DEP,9/8/2024
63130,125,91, 1.00 ,,
193488,642,26, 220.30 ,PMT,9/10/2024
103322,899,38, 190.20 ,PMT,9/12/2024
136817,262,65, 411.25 ,PMT,9/12/2024
19853,648,74, 121.02 ,XPMT,9/13/2024
114696,122,21, 22.66 ,XDEP,9/14/2024
89783,501,10, 252.92 ,XPMT,9/15/2024
127015,915,15, 192.22 ,PMT,9/15/2024
20596,298,19, 932.92 ,XDEP,9/16/2024
63335,278,27, 1.00 ,,
196311,301,23, 102.73 ,XPMT,9/19/2024
165933,316,72, 191.18 ,DEP,9/20/2024
103894,343,95, 323.66 ,XPMT,9/20/2024
42333,290,67, 247.31 ,PMT,9/20/2024
127856,231,11, 566.29 ,DEP,9/20/2024
62725,378,22, 687.98 ,XDEP,9/21/2024
179289,485,48, 531.78 ,DEP,9/22/2024
82449,186,70, 617.59 ,XPMT,9/23/2024
31094,962,32, 233.88 ,XPMT,9/24/2024
121194,960,54, 1.00 ,,
56017,357,51, 581.59 ,XDEP,9/25/2024
42767,523,15, 514.86 ,DEP,9/27/2024
107992,946,61, 673.62 ,DEP,9/28/2024
23753,250,53, 540.58 ,XDEP,9/28/2024
176910,790,80, 634.40 ,PMT,9/28/2024
183249,745,98, 49.08 ,PMT,9/30/2024
93200,619,4, 88.86 ,DEP,10/1/2024
137859,564,47, 392.02 ,XDEP,10/2/2024
162168,988,22, 951.57 ,DEP,10/2/2024
22394,289,49, 519.83 ,XDEP,10/3/2024
168878,155,82, 208.02 ,PMT,10/3/2024
83666,261,18, 224.21 ,DEP,10/5/2024
62037,143,54, 101.90 ,PMT,10/6/2024
20973,973,12, 705.65 ,DEP,10/7/2024
173014,701,83, 32.89 ,XPMT,10/8/2024
142287,671,84, 1.00 ,,
199225,105,88, 304.78 ,DEP,10/9/2024
173840,919,59, 1.00 ,,
181647,766,73, 939.95 ,XDEP,10/10/2024
81742,110,31, 867.29 ,XDEP,10/12/2024
79028,365,56, 202.47 ,XDEP,10/13/2024
186419,157,62, 150.20 ,PMT,10/13/2024
38389,183,22, 492.79 ,PMT,10/13/2024
53481,422,49, 721.47 ,XPMT,10/14/2024
159887,259,93, 1.00 ,,
101878,100,47, 35.42 ,XDEP,10/16/2024
22435,583,20, 680.88 ,DEP,10/16/2024
74911,816,63, 997.68 ,XPMT,10/18/2024
107940,871,60, 777.82 ,DEP,10/18/2024
31809,778,86, 181.67 ,DEP,10/19/2024
102741,716,101, 1.00 ,,
185458,612,30, 565.68 ,PMT,10/20/2024
148228,856,80, 403.63 ,DEP,10/20/2024
137336,157,92, 135.52 ,XDEP,10/21/2024
145686,166,58, 804.99 ,XDEP,10/23/2024
77889,420,54, 423.00 ,PMT,10/23/2024
58449,198,92, 1.00 ,,
75832,113,21, 523.77 ,XPMT,10/24/2024
160909,860,42, 571.14 ,XDEP,10/25/2024
137666,561,44, 207.94 ,DEP,10/25/2024
14148,343,43, 864.03 ,PMT,10/25/2024
108675,900,79, 694.89 ,XPMT,10/26/2024
114113,709,50, 43.05 ,DEP,10/27/2024
46339,740,43, 948.03 ,DEP,10/28/2024
155695,203,15, 199.86 ,PMT,10/28/2024
104723,689,53, 120.09 ,PMT,10/28/2024
193206,444,28, 689.89 ,XPMT,10/29/2024
75287,161,63, 218.50 ,XDEP,10/29/2024
94484,599,96, 1.00 ,,
39756,577,70, 16.25 ,PMT,11/1/2024
82053,351,44, 52.27 ,DEP,11/1/2024
153303,448,69, 1.00 ,,
25049,388,87, 372.30 ,XPMT,11/2/2024
25434,807,44, 325.83 ,PMT,11/2/2024
42359,662,4, 836.43 ,XPMT,11/3/2024
163575,381,60, 298.94 ,PMT,11/4/2024
137722,458,37, 351.05 ,XPMT,11/6/2024
165811,497,50, 491.11 ,DEP,11/8/2024
90684,843,56, 527.80 ,XDEP,11/10/2024
130070,764,83, 666.60 ,XPMT,11/10/2024
43116,270,52, 1.00 ,,
75385,154,80, 110.37 ,XPMT,11/11/2024
14690,997,74, 46.73 ,XDEP,11/11/2024
117205,686,84, 793.63 ,DEP,11/12/2024
84784,637,13, 226.39 ,XDEP,11/12/2024
167572,385,23, 782.49 ,XPMT,11/12/2024
22248,707,17, 428.02 ,XDEP,11/12/2024
140114,718,72, 123.02 ,DEP,11/12/2024
53002,207,5, 125.81 ,XPMT,11/13/2024
148309,580,8, 199.48 ,DEP,11/13/2024
57407,341,90, 27.05 ,XPMT,11/13/2024
105140,422,64, 738.44 ,PMT,11/13/2024
79053,556,99, 1.00 ,,
105692,582,53, 239.05 ,PMT,11/15/2024
194564,960,20, 454.38 ,PMT,11/15/2024
186353,144,49, 408.99 ,XPMT,11/16/2024
119193,229,42, 868.37 ,DEP,11/16/2024
173542,665,4, 474.72 ,DEP,11/18/2024
19438,572,42, 655.97 ,DEP,11/19/2024
76371,474,12, 829.34 ,XDEP,11/19/2024
21046,557,84, 657.06 ,PMT,11/19/2024
38984,559,80, 92.36 ,PMT,11/19/2024
20190,793,56, 39.85 ,DEP,11/19/2024
185385,865,46, 696.87 ,XDEP,11/21/2024
141671,305,47, 1.00 ,,
54402,732,22, 270.54 ,DEP,11/21/2024
81946,390,93, 45.65 ,XDEP,11/22/2024
15962,674,26, 279.20 ,XPMT,11/23/2024
194175,535,100, 249.77 ,DEP,11/25/2024
130816,565,84, 279.20 ,DEP,11/25/2024
79211,877,2, 52.39 ,DEP,11/26/2024
92932,351,84, 1.00 ,,
15201,763,82, 193.24 ,XDEP,11/28/2024
51686,180,58, 531.21 ,PMT,11/29/2024
180423,984,75, 103.47 ,PMT,11/30/2024
53911,749,32, 144.19 ,XPMT,12/2/2024
24939,237,7, 468.60 ,DEP,12/2/2024
183249,745,8, 350.62 ,PMT,12/6/2024
81480,488,42, 287.14 ,XPMT,12/6/2024
92297,851,58, 130.22 ,XDEP,12/7/2024
104582,419,70, 533.08 ,PMT,12/7/2024
194385,394,74, 67.62 ,XPMT,12/8/2024
41367,581,80, 329.86 ,PMT,12/8/2024
26855,727,7, 366.16 ,DEP,12/9/2024
170837,907,58, 65.60 ,DEP,12/10/2024
158036,988,89, 269.61 ,XPMT,12/10/2024
39670,235,4, 944.59 ,PMT,12/11/2024
19756,717,19, 281.33 ,XPMT,12/13/2024
157527,385,84, 136.33 ,XPMT,12/13/2024
56812,759,9, 777.32 ,PMT,12/15/2024
13633,784,79, 189.43 ,XPMT,12/16/2024
66875,522,90, 1.00 ,,
143441,698,12, 12.10 ,PMT,12/17/2024
117324,109,37, 201.58 ,DEP,12/20/2024
14125,953,5, 624.95 ,PMT,12/20/2024
89954,964,73, 542.44 ,PMT,12/20/2024
174806,894,91, 1.00 ,,
90662,856,54, 1.00 ,,
30891,168,29, 555.04 ,PMT,12/24/2024
69438,541,41, 106.25 ,XDEP,12/24/2024
175606,723,79, 541.72 ,PMT,12/25/2024
65267,195,13, 646.73 ,XPMT,12/26/2024
130405,955,11, 666.85 ,XPMT,12/27/2024
125565,564,34, 16.54 ,XDEP,12/27/2024
42022,250,58, 1.00 ,,
130510,601,92, 521.60 ,DEP,12/28/2024
170537,896,45, 130.72 ,XPMT,12/29/2024
32085,312,37, 250.58 ,XDEP,12/30/2024
102176,193,58, 1.00 ,,
199919,612,42, 724.99 ,DEP,12/31/2024
190595,695,80, 91.27 ,DEP,12/31/2024
148924,609,8, 676.97 ,DEP,12/31/2024
164672,488,94, 477.61 ,PMT,12/31/2024
179006,912,98, 105.86 ,DEP,1/1/2025
193547,221,67, 533.97 ,DEP,1/2/2025
118417,624,14, 49.11 ,PMT,1/2/2025
62309,773,28, 646.62 ,XDEP,1/3/2025
81260,486,53, 172.48 ,XPMT,1/3/2025
102837,796,18, 1.00 ,,
22147,949,52, 199.89 ,DEP,1/7/2025
19571,412,19, 439.21 ,PMT,1/9/2025
128108,141,35, 102.19 ,XDEP,1/10/2025
48101,491,66, 1.00 ,,
47132,778,10, 324.66 ,XPMT,1/11/2025
192776,753,56, 111.08 ,XDEP,1/12/2025
11359,326,42, 530.40 ,XDEP,1/12/2025
121807,939,93, 246.24 ,XPMT,1/12/2025
10216,455,74, 821.63 ,DEP,1/14/2025
162439,152,89, 414.80 ,PMT,1/14/2025
11086,456,53, 86.32 ,PMT,1/15/2025
196401,821,87, 28.99 ,XDEP,1/15/2025
174972,649,81, 627.05 ,PMT,1/16/2025
78662,502,27, 59.64 ,PMT,1/17/2025
97472,985,32, 363.42 ,PMT,1/17/2025
72987,543,97, 347.82 ,XPMT,1/17/2025
83575,929,38, 253.34 ,XDEP,1/17/2025
75611,718,61, 1.00 ,,
33509,143,53, 768.78 ,XDEP,1/19/2025
70676,165,31, 507.81 ,DEP,1/20/2025
131392,129,24, 145.44 ,XPMT,1/20/2025
40724,340,41, 330.08 ,XDEP,1/21/2025
156348,338,59, 1.00 ,,
113398,979,93, 1.00 ,,
75133,719,18, 187.69 ,XDEP,1/22/2025
100991,237,82, 634.64 ,XPMT,1/25/2025
68304,848,58, 293.02 ,PMT,1/26/2025
191948,328,99, 119.41 ,DEP,1/26/2025
106116,662,20, 205.33 ,XPMT,1/27/2025
183249,745,83, 661.31 ,DEP,1/27/2025
21131,927,91, 304.27 ,XDEP,1/28/2025
65231,422,95, 337.47 ,XDEP,1/28/2025
113701,763,92, 857.76 ,DEP,1/28/2025
64886,743,61, 1.00 ,,
92814,774,71, 463.93 ,DEP,1/29/2025
90970,334,32, 445.31 ,DEP,1/30/2025
156211,508,60, 108.51 ,PMT,1/31/2025
11067,334,57, 190.00 ,XPMT,2/1/2025
12453,968,75, 5.50 ,XPMT,2/2/2025
103204,318,56, 924.64 ,PMT,2/3/2025
87153,327,27, 259.58 ,DEP,2/6/2025
126238,809,83, 280.00 ,XDEP,2/7/2025
102314,378,98, 214.12 ,XDEP,2/8/2025
161917,194,66, 339.06 ,DEP,2/8/2025
20928,844,14, 127.52 ,DEP,2/8/2025
62689,153,8, 63.19 ,XPMT,2/10/2025
104900,703,94, 49.50 ,XPMT,2/10/2025
188561,937,89, 586.93 ,PMT,2/11/2025
52674,279,101, 297.73 ,PMT,2/11/2025
49642,298,22, 28.72 ,DEP,2/12/2025
78670,169,93, 14.05 ,PMT,2/12/2025
73316,716,72, 949.45 ,XPMT,2/13/2025
58623,866,17, 0.30 ,DEP,2/17/2025
48727,604,3, 1.00 ,,
140653,739,35, 254.43 ,DEP,2/21/2025
97720,316,36, 130.17 ,PMT,2/23/2025
63798,946,28, 9.27 ,PMT,2/23/2025
49041,332,22, 274.75 ,XPMT,2/24/2025
80067,611,40, 1.00 ,,
98871,151,13, 75.22 ,DEP,2/25/2025
72758,190,11, 121.24 ,DEP,2/25/2025
186488,763,36, 110.84 ,PMT,2/25/2025
150917,722,14, 185.93 ,XDEP,2/26/2025
118602,519,37, 375.63 ,DEP,2/26/2025
119466,831,87, 1.00 ,,
111031,632,90, 535.06 ,PMT,2/28/2025
51951,922,100, 1.00 ,,
19322,376,99, 453.52 ,PMT,3/2/2025
160056,175,52, 975.86 ,PMT,3/2/2025
17628,877,96, 758.19 ,PMT,3/2/2025
70476,403,69, 24.14 ,DEP,3/2/2025
181077,321,68, 497.42 ,XPMT,3/3/2025
70598,659,79, 299.09 ,DEP,3/3/2025
146803,173,69, 841.21 ,DEP,3/4/2025
10092,168,12, 944.60 ,XDEP,3/5/2025
167080,312,3, 1.00 ,,
117832,729,47, 120.15 ,DEP,3/7/2025
